RESIDUE,AA,ACC
223,G,74
224,A,33
225,M,61
226,D,86
227,P,104
228,S,119
229,S,18
230,P,124
231,N,126
232,Y,109
233,D,64
234,K,151
235,W,53
236,E,30
237,M,17
238,E,65
239,R,35
240,T,90
241,D,45
242,I,14
243,T,58
244,M,60
245,K,111
246,H,139
247,K,121
248,L,75
249,G,18
250,G,93
251,G,60
252,Q,183
253,Y,71
254,G,22
255,E,34
256,V,24
257,Y,69
258,E,-46
259,G,0
260,V,-18
261,W,49
262,K,113
263,K,-135
264,Y,150
265,S,101
266,L,75
267,T,54
268,V,0
269,A,15
270,V,-1
271,K,46
272,T,-18
273,L,11
274,K,125
275,E,192
276,D,138
277,T,72
278,M,48
279,E,122
280,V,65
281,E,123
282,E,86
283,F,3
284,L,49
285,K,74
286,E,16
287,A,1
288,A,52
289,V,15
290,M,8
291,K,64
292,E,132
293,I,9
294,K,155
295,H,33
296,P,93
297,N,17
298,L,3
299,V,11
300,Q,41
301,L,-3
302,L,45
303,G,0
304,V,-4
305,C,3
306,T,36
307,R,155
308,E,97
309,P,96
310,P,71
311,F,-35
312,Y,37
313,I,-4
314,I,0
315,T,-19
316,E,-42
317,F,-47
318,M,14
319,T,71
320,Y,120
321,G,31
322,N,37
323,L,0
324,L,20
325,D,64
326,Y,26
327,L,1
328,R,121
329,E,150
330,C,26
331,N,98
332,R,143
333,Q,162
334,E,104
335,V,0
336,N,62
337,A,69
338,V,58
339,V,14
340,L,23
341,L,32
342,Y,80
343,M,0
344,A,4
345,T,13
346,Q,10
347,I,0
348,S,0
349,S,23
350,A,0
351,M,1
352,E,60
353,Y,32
354,L,3
355,E,35
356,K,151
357,K,73
358,N,44
359,F,14
360,I,0
361,H,1
362,R,42
363,D,26
364,L,3
365,A,0
366,A,0
367,R,56
368,N,10
369,C,0
370,L,24
371,V,0
372,G,6
373,E,121
374,N,142
375,H,31
376,L,43
377,V,0
378,K,25
379,V,-1
380,A,-6
381,D,33
382,F,1
383,G,22
384,L,70
385,S,2
386,R,-66
387,L,101
388,M,-12
389,T,157
390,G,31
391,D,132
392,T,71
393,X,72
394,T,74
395,A,14
396,H,116
397,A,92
398,G,61
399,A,73
400,K,194
401,F,43
402,P,47
403,I,58
404,K,36
405,W,43
406,T,10
407,A,1
408,P,1
409,E,27
410,S,0
411,L,35
412,A,45
413,Y,165
414,N,34
415,K,88
416,F,-10
417,S,17
418,I,-26
419,K,49
420,S,7
421,D,4
422,V,0
423,W,1
424,A,7
425,F,1
426,G,0
427,V,0
428,L,0
429,L,6
430,W,4
431,E,1
432,I,6
433,A,19
434,T,18
435,Y,33
436,G,3
437,M,87
438,S,69
439,P,2
440,Y,4
441,P,28
442,G,36
443,I,7
444,D,27
445,L,85
446,S,94
447,Q,34
448,V,1
449,Y,61
450,E,67
451,L,4
452,L,1
453,E,95
454,K,68
455,D,109
456,Y,4
457,R,16
458,M,0
459,E,43
460,R,107
461,P,9
462,E,191
463,G,67
464,C,7
465,P,67
466,E,95
467,K,106
468,V,14
469,Y,21
470,E,108
471,L,16
472,M,0
473,R,97
474,A,31
475,C,0
476,W,2
477,Q,83
478,W,88
479,N,68
480,P,33
481,S,90
482,D,95
483,R,4
484,P,23
485,S,24
486,F,1
487,A,37
488,E,118
489,I,2
490,H,21
491,Q,97
492,A,22
493,F,1
494,E,71
495,T,60
496,M,34
497,F,45
498,Q,112
499,E,140
500,S,118