Species,Replicate,Source,10,5,2.5,1.25,0.625,0.3125,0.15625,0.078125,0.0390625,0.01953125,0.009765625,0.004882813,0.002441406
plvx-AIG,1,2/23/22,0.151298966,0.386041209,0.361576676,0.367896409,0.381659744,0.51601922,0.593387084,0.712957081,1.257268507,NaN,NaN,NaN,NaN
plvx-AIG,1,2/23/22,0.176683257,0.400804137,0.430456705,0.47387364,0.51678799,0.63123166,0.763346898,0.951378869,1.066519674,NaN,NaN,NaN,NaN
plvx-AIG,1,2/23/22,0.155222992,0.409478055,0.346399671,0.451582274,0.746240948,0.71280983,0.742471267,0.884528719,1.225316384,NaN,NaN,NaN,NaN
pUltra-G2A-old,1,2/23/22,0.009243863,0.014697179,0.030662571,0.03188851,0.041231012,0.13586788,0.12115661,0.139080687,0.189034185,NaN,NaN,NaN,NaN
pUltra-G2A-old,1,2/23/22,0.004520705,0.011763824,0.013699485,0.022503622,0.020830211,0.03698986,0.056046756,0.095571707,0.134509716,NaN,NaN,NaN,NaN
pUltra-G2A-old,1,2/23/22,0.002775457,0.006261584,0.011351523,0.01966829,0.022578198,0.054721638,0.078192976,0.097621174,0.166143267,NaN,NaN,NaN,NaN
pUltra-G2A-new,1,2/23/22,0.009566752,0.04826421,0.087704195,0.241041259,0.247175172,0.290273981,0.291995782,0.214891419,0.275186708,NaN,NaN,NaN,NaN
pUltra-G2A-new,1,2/23/22,0.007508381,0.025868359,0.167179231,0.193804893,0.236694096,0.286454437,0.364816816,0.448729671,0.354722522,NaN,NaN,NaN,NaN
pUltra-G2A-new,1,2/23/22,0.020098126,0.050018086,0.176672448,0.220634199,0.343782751,0.375056807,0.400163234,0.391890263,0.298142291,NaN,NaN,NaN,NaN
pUltra-G2A-old-T315I,1,2/23/22,0.553278844,0.904305265,1.102661091,1.454580878,1.369977191,1.405987455,1.49904961,1.408524995,1.442539441,NaN,NaN,NaN,NaN
pUltra-G2A-old-T315I,1,2/23/22,0.447464863,0.921524372,1.069531686,1.294637461,1.086157165,1.250950629,1.197830195,1.195726188,1.275349456,NaN,NaN,NaN,NaN
pUltra-G2A-old-T315I,1,2/23/22,0.503621112,0.848351001,1.101629898,1.262980295,1.244333556,1.345271066,1.352799796,1.29128068,1.393300544,NaN,NaN,NaN,NaN
pUltra-G2A-old-V468F,1,2/23/22,0.459226269,0.671282006,0.922362348,0.908148867,1.080783138,0.864817591,1.132051621,1.389599318,1.274568598,NaN,NaN,NaN,NaN
pUltra-G2A-old-V468F,1,2/23/22,0.367833611,0.6919338,0.769619433,0.884257648,0.873192276,0.93766427,0.955342462,0.932227596,1.27669431,NaN,NaN,NaN,NaN
pUltra-G2A-old-V468F,1,2/23/22,0.429755607,0.740273585,0.834763029,0.883412539,1.043797511,1.038935549,1.082573652,1.020205039,0.882157197,NaN,NaN,NaN,NaN
pUltra-G2A-old-F359C,1,2/23/22,0.185472411,0.648549749,0.655422537,0.79559027,1.229356094,1.244894168,1.324720677,1.18028067,1.225603923,NaN,NaN,NaN,NaN
pUltra-G2A-old-F359C,1,2/23/22,0.17171541,1.21022425,1.281677119,1.219958308,1.343797155,1.375589844,1.350085914,1.254018788,1.350024858,NaN,NaN,NaN,NaN
pUltra-G2A-old-F359C,1,2/23/22,0.166141614,0.034569082,0.453335959,1.035591059,1.084233423,1.250309406,1.395617687,1.222369112,1.374512451,NaN,NaN,NaN,NaN
plvx-E255K,1,2/23/22,0.242696917,0.450372027,0.39244218,0.460579848,0.414763772,0.458967122,0.496627937,0.510427739,0.750632262,NaN,NaN,NaN,NaN
plvx-E255K,1,2/23/22,0.294171125,0.432955274,0.29701775,0.350239206,0.529144373,0.479693578,0.508472808,0.56242455,0.60357393,NaN,NaN,NaN,NaN
plvx-E255K,1,2/23/22,0.18756814,0.550648612,0.342539778,0.499786693,0.656433187,0.713046501,0.798669595,1.044304697,1.022910774,NaN,NaN,NaN,NaN
plvx-AIG,2,3/1/22,0.32627254,0.374938039,0.459998017,0.446944913,0.599308241,0.780862056,0.740766443,0.657535001,0.818622429,NaN,NaN,NaN,NaN
plvx-AIG,2,3/1/22,0.232561065,0.527658421,0.390876011,0.888940502,1.071458987,1.161547246,1.173518368,1.166231177,1.246709635,NaN,NaN,NaN,NaN
plvx-AIG,2,3/1/22,0.321357269,0.309353818,0.352306618,0.551731504,0.542176396,0.945972148,1.088247135,1.119796245,1.026340221,NaN,NaN,NaN,NaN
pUltra-G2A-old,2,3/1/22,0.007222202,0.011706186,0.026270163,0.035800122,0.036936064,0.043584317,0.132845476,0.294794992,0.535483254,NaN,NaN,NaN,NaN
pUltra-G2A-old,2,3/1/22,0.012299498,0.019796189,0.027431421,0.03389674,0.051968843,0.159647178,0.203826853,0.515208891,0.688802685,NaN,NaN,NaN,NaN
pUltra-G2A-old,2,3/1/22,0.007946823,0.016299786,0.023732164,0.03611946,0.118755584,0.130912734,0.317128313,0.476877048,0.656296537,NaN,NaN,NaN,NaN
pUltra-G2A-new,2,3/1/22,0.090098836,0.125068421,0.101779462,0.150340298,0.166596094,0.153232053,0.258399,0.284393816,0.442954961,NaN,NaN,NaN,NaN
pUltra-G2A-new,2,3/1/22,0.068361844,0.102119881,0.109831846,0.167507889,0.153047954,0.183995853,0.177193318,0.252630526,0.376904119,NaN,NaN,NaN,NaN
pUltra-G2A-new,2,3/1/22,0.053005882,0.076724467,0.086509816,0.111389504,0.13792682,0.152410053,0.13759835,0.256855855,0.378351539,NaN,NaN,NaN,NaN
pUltra-G2A-old-T315I,2,3/1/22,0.827286605,0.859216385,0.823991859,0.914909045,0.905953441,0.921689352,0.93910444,0.848683374,0.984887419,NaN,NaN,NaN,NaN
pUltra-G2A-old-T315I,2,3/1/22,0.895414995,0.768991161,0.914334318,0.830530684,0.858656797,0.873794554,0.960816542,0.81345042,0.911817106,NaN,NaN,NaN,NaN
pUltra-G2A-old-T315I,2,3/1/22,0.904351773,1.088532273,0.984811121,0.943440441,0.996380679,0.946618082,0.94861791,1.037800434,1.155581729,NaN,NaN,NaN,NaN
pUltra-G2A-old-V468F,2,3/1/22,0.775292801,1.089449246,0.850386607,0.761867989,1.039630917,0.854515034,0.942182225,1.063421347,1.130188997,NaN,NaN,NaN,NaN
pUltra-G2A-old-V468F,2,3/1/22,0.837472933,0.965736849,1.098087292,1.449825925,1.496231903,1.437587568,1.478686367,1.34820405,1.22250881,NaN,NaN,NaN,NaN
pUltra-G2A-old-V468F,2,3/1/22,0.822443434,0.831610757,0.887579674,1.118337185,1.13936362,1.135122781,1.176329177,1.120597273,0.999923817,NaN,NaN,NaN,NaN
pUltra-G2A-old-F359C,2,3/1/22,1.030255162,1.034333242,0.767356018,0.865616789,0.909298989,0.806605522,0.896613421,0.872402843,0.912297103,NaN,NaN,NaN,NaN
pUltra-G2A-old-F359C,2,3/1/22,0.865206372,0.775416365,0.61929761,0.733834178,0.87865677,0.94480449,0.940333092,0.844858798,0.910662563,NaN,NaN,NaN,NaN
pUltra-G2A-old-F359C,2,3/1/22,0.787506888,0.810031892,1.029437793,0.92255673,0.841005861,0.9261801,0.970528812,1.000050093,1.119370836,NaN,NaN,NaN,NaN
plvx-E255K,2,3/1/22,0.274141193,0.32210821,0.360767965,0.639124348,0.820823654,0.87386736,0.95375598,1.023460456,0.902066058,NaN,NaN,NaN,NaN
plvx-E255K,2,3/1/22,0.24963721,0.352557046,0.420649019,0.543947658,0.744257906,0.820518915,1.17231285,1.191315552,1.098628903,NaN,NaN,NaN,NaN
plvx-E255K,2,3/1/22,0.17627671,0.225430173,0.290299119,0.440061131,0.589998067,0.671825371,0.819902595,0.985886447,0.981927655,NaN,NaN,NaN,NaN
pUltra-G2A-new,2,3/10/22,0.009599564,0.009441184,0.014738102,0.01971826,0.039251744,0.08688001,0.096620355,0.144987726,NaN,NaN,NaN,NaN,NaN
pUltra-G2A-new,2,3/10/22,0.017347808,0.010618266,0.01660281,0.017003962,0.023340538,0.056464289,0.10682942,0.111438583,NaN,NaN,NaN,NaN,NaN
pUltra-G2A-new,2,3/10/22,0.005892351,0.00982814,0.008370161,0.017065156,0.01965628,0.042628895,0.058999056,0.097322002,NaN,NaN,NaN,NaN,NaN
pUltra-G2A-new,3,3/10/22,0.007611711,0.00783162,0.016684756,0.029269262,0.039243227,0.043903892,0.045095661,0.069768102,NaN,NaN,NaN,NaN,NaN
pUltra-G2A-new,3,3/10/22,0.010574588,0.009096257,0.016759439,0.030479251,0.053491424,0.022853781,0.03713928,0.045564255,NaN,NaN,NaN,NaN,NaN
pUltra-G2A-new,3,3/10/22,0.008187333,0.037811621,0.027397163,0.013850592,0.032544295,0.023819624,0.027849659,0.039253949,NaN,NaN,NaN,NaN,NaN
pUltra-G2A-new-F359C,1,3/10/22,0.643845231,0.563714222,0.794067986,0.799296133,0.885062148,0.908934638,0.988841874,0.932705413,NaN,NaN,NaN,NaN,NaN
pUltra-G2A-new-F359C,1,3/10/22,0.626167676,0.778932969,1.034062927,0.733437561,0.957709595,1.050644909,1.181971859,0.996716826,NaN,NaN,NaN,NaN,NaN
pUltra-G2A-new-F359C,1,3/10/22,0.568070245,0.692271595,0.768463704,0.714417211,0.716826697,0.772786341,1.052259683,0.919557449,NaN,NaN,NaN,NaN,NaN
pUltra-G2A-new-V468F,1,4/3/22,0.914484071,1.260898041,1.258995236,1.167157305,1.148618743,1.184489379,1.398534288,1.376948479,NaN,NaN,NaN,NaN,NaN
pUltra-G2A-new-V468F,1,4/3/22,0.969906206,1.089514854,1.130195193,1.212038725,1.238716336,1.275914101,1.057018867,1.192628046,NaN,NaN,NaN,NaN,NaN
pUltra-G2A-new-V468F,1,4/3/22,1.090115853,1.19226304,1.25177201,1.290872318,1.284150902,1.290731779,1.237589823,1.168298138,NaN,NaN,NaN,NaN,NaN
pUltra-G2A-new-V468F,2,4/17/22,1.093239362,1.229481361,1.112010743,1.091416137,1.132566141,0.94695982,1.012772381,1.111295176,NaN,NaN,NaN,NaN,NaN
pUltra-G2A-new-V468F,2,4/17/22,1.221409693,1.389384576,1.303111897,1.357411124,1.35229418,1.345865708,1.097361048,1.158416629,NaN,NaN,NaN,NaN,NaN
pUltra-G2A-new-F359C,2,4/17/22,1.132005974,1.387865108,1.047805141,1.09175847,1.171725679,0.950847286,0.848746196,1.00196521,NaN,NaN,NaN,NaN,NaN
pUltra-G2A-new-F359C,2,4/17/22,1.207682388,1.382772826,1.002955643,1.086706456,1.214472378,1.111663947,1.064910018,1.061977199,NaN,NaN,NaN,NaN,NaN
pUltra-G2A-old,3,4/24/22,NaN,NaN,NaN,NaN,0.002511719,0.003075849,0.003747431,0.004741374,0.010060308,0.065076359,0.575532901,1.095848276,1.050314972
pUltra-G2A-old,3,4/24/22,NaN,NaN,NaN,NaN,0.002904699,0.004215191,0.004998784,0.006687562,0.016550028,0.08796509,0.486111486,0.673174093,1.334594288
pUltra-G2A-old,3,4/24/22,NaN,NaN,NaN,NaN,0.003949361,0.004952662,0.005955964,0.007880479,0.014639085,0.064712964,0.391096153,0.611849906,0.769386527
pUltra-G2A-new,4,4/24/22,NaN,NaN,NaN,NaN,0.126617737,0.096646337,0.07791911,0.07976049,0.181232288,0.256004075,0.442740914,0.780797409,0.859500085
pUltra-G2A-new,4,4/24/22,NaN,NaN,NaN,NaN,0.087800229,0.118397278,0.069321544,0.145307857,0.206310021,0.229904761,0.537662235,0.732800328,0.898976127
pUltra-G2A-new,4,4/24/22,NaN,NaN,NaN,NaN,0.055937244,0.05399625,0.06339359,0.06597914,0.131679948,0.140879527,0.339065979,0.668280499,1.03246953
pUltra-G2A-old-T315I,3,7/10/22,NaN,NaN,NaN,0.999268427,1.134234599,1.166798672,1.208552755,1.035357352,1.203038749,1.223069342,1.198594896,1.14457336,NaN
pUltra-G2A-old-T315I,3,7/10/22,NaN,NaN,NaN,1.075370238,1.180980471,1.194784067,1.216442609,1.203651153,1.215852712,1.157092738,1.167083734,1.109652582,NaN
pUltra-G2A-old-T315I,3,7/10/22,NaN,NaN,NaN,1.047274549,1.084949988,1.146870666,1.121097879,1.14987688,1.163698132,1.158956624,1.137907015,1.088750527,NaN
pUltra-G2A-new-T315I,1,7/10/22,NaN,NaN,NaN,1.283787358,1.385435952,1.406980924,1.421913888,1.418936789,1.416563248,1.38757892,1.412697767,1.323337334,NaN
pUltra-G2A-new-T315I,1,7/10/22,NaN,NaN,NaN,1.073891626,1.191419407,1.216135869,1.255705121,1.24854508,1.245377477,1.204439226,1.208471761,1.110734334,NaN
pUltra-G2A-new-T315I,1,7/10/22,NaN,NaN,NaN,1.262255879,1.384732205,1.409106527,1.432814282,1.372933302,1.423413642,1.415504185,1.373771663,1.294608375,NaN
pUltra-G2A-new,5,7/10/22,NaN,NaN,NaN,0.211142382,0.369292326,0.714835034,1.278105185,1.310827032,1.321589638,1.29380489,1.288942389,1.254423383,NaN
pUltra-G2A-new,5,7/10/22,NaN,NaN,NaN,0.219172502,0.286136763,0.554607594,1.015422816,1.084613453,1.070323355,1.064749044,1.034785035,1.029093547,NaN
pUltra-G2A-new,5,7/10/22,NaN,NaN,NaN,0.196765438,0.287253213,0.559262763,1.06112106,1.085459112,1.106576117,1.073813787,1.094316992,1.035121803,NaN
pUltra-G2A-old-T315I,4,7/13/22,NaN,NaN,NaN,0.838114517,0.99029347,1.064570496,1.186091617,1.126171516,1.134000945,1.214787633,1.189074469,1.113767489,NaN
pUltra-G2A-old-T315I,4,7/13/22,NaN,NaN,NaN,0.939888196,1.018506454,1.214345919,1.225872587,1.2814694,1.212710316,1.278713022,1.19524263,1.112911236,NaN
pUltra-G2A-old-T315I,4,7/13/22,NaN,NaN,NaN,0.909158449,1.153957855,1.096461859,1.221580054,1.273031204,1.237152892,1.226688987,1.207874221,1.180780958,NaN
pUltra-G2A-new-T315I,2,7/13/22,NaN,NaN,NaN,0.821862017,1.002038159,1.059181321,1.199743185,1.157902225,1.207597035,1.251945678,1.212658642,1.120002419,NaN
pUltra-G2A-new-T315I,2,7/13/22,NaN,NaN,NaN,0.983407098,1.148381098,1.324844757,1.331113374,1.369726369,1.342565168,1.310275483,1.284014607,1.220192518,NaN
pUltra-G2A-new-T315I,2,7/13/22,NaN,NaN,NaN,0.894988204,1.129925121,1.191945841,1.200980613,1.185848805,1.167475639,1.163602421,1.189172223,1.164361473,NaN
pUltra-G2A-new,6,7/13/22,NaN,NaN,NaN,0.023158723,0.047963887,0.071289968,0.102739695,0.151526802,0.181004419,0.253701099,0.308363827,0.496609871,NaN
pUltra-G2A-new,6,7/13/22,NaN,NaN,NaN,0.021397283,0.051984215,0.076616602,0.109222761,0.17313778,0.181068127,0.276140021,0.369426095,0.533010547,NaN
pUltra-G2A-new,6,7/13/22,NaN,NaN,NaN,0.01619925,0.039978858,0.046478958,0.063906829,0.1065052,0.177806935,0.200821553,0.330777184,0.524834368,NaN