"","conc","species","y","mutant","y_model","drug_effect","netgr_pred"
"1",10,"Y253H",0.00456,"Y253H",0.102088571726814,0.0316932568365689,0.0233067431634311
"2",5,"Y253H",0.472,"Y253H",0.402297529270683,0.0126467130771509,0.0423532869228491
"3",2.5,"Y253H",0.758,"Y253H",0.799380719183319,0.00310997155702733,0.0518900284429727
"4",1.25,"Y253H",0.929,"Y253H",0.959330523917224,0.000576661232166977,0.054423338767833
"5",0.625,"Y253H",0.983,"Y253H",0.992889785998619,9.9105722706402e-05,0.0549008942772936
"6",0.3125,"Y253H",1.06,"Y253H",0.998791802555262,1.67906653290106e-05,0.054983209334671
"7",0.15625,"Y253H",0.976,"Y253H",0.999795706040721,2.83770597405767e-06,0.0549971622940259
"8",0.078125,"Y253H",1,"Y253H",0.99996548478504,4.79386258666212e-07,0.0549995206137413
"9",0.039063,"Y253H",1.05,"Y253H",0.999994169327926,8.09817926687354e-08,0.0549999190182073
"10",0.019531,"Y253H",0.89,"Y253H",0.999999015142239,1.36785867513095e-08,0.0549999863214133
"11",10,"E255V",0.00818,"E255V",0.0565205248459951,0.0399048810442551,0.0150951189557449
"12",5,"E255V",0.68,"E255V",0.657276042716201,0.00582848878329495,0.0491715112167051
"13",2.5,"E255V",0.825,"E255V",0.98397307277245,0.000224399269068919,0.0547756007309311
"14",1.25,"E255V",0.932,"E255V",0.999491470052825,7.06471239417491e-06,0.0549929352876058
"15",0.625,"E255V",0.957,"E255V",0.99998410718129,2.20735347251832e-07,0.0549997792646527
"16",0.3125,"E255V",0.856,"E255V",0.999999503547152,6.89518015212527e-09,0.0549999931048199
"17",0.15625,"E255V",0.946,"E255V",0.999999984492257,2.15385325443899e-10,0.0549999997846147
"18",0.078125,"E255V",0.993,"E255V",0.999999999515583,6.72800704200926e-12,0.054999999993272
"19",0.039063,"E255V",0.973,"E255V",0.999999999984867,2.10177554374517e-13,0.0549999999997898
"20",0.019531,"E255V",1.03,"E255V",0.999999999999527,6.56573560952088e-15,0.0549999999999934
"21",10,"F486S_maxi",0.000566,"F486S",0.00224999828831414,0.0846781364377134,-0.0296781364377134
"22",5,"F486S_maxi",0.00558,"F486S",0.0209246135771857,0.0537059601363504,0.00129403986364964
"23",2.5,"F486S_maxi",0.167,"F486S",0.168430497144086,0.0247393346408333,0.0302606653591667
"24",1.25,"F486S_maxi",0.664,"F486S",0.657483333737391,0.00582410921082505,0.0491758907891749
"25",0.625,"F486S_maxi",0.926,"F486S",0.947895349273673,0.000743210748363658,0.0542567892516363
"26",0.3125,"F486S_maxi",1.02,"F486S",0.994233350437034,8.03241789744886e-05,0.0549196758210255
"27",0.15625,"F486S_maxi",0.984,"F486S",0.999388370165762,8.49745772317668e-06,0.0549915025422768
"28",0.078125,"F486S_maxi",0.914,"F486S",0.999935427817931,8.96864818634254e-07,0.0549991031351814
"29",0.039063,"F486S_maxi",0.908,"F486S",0.99999318591228,9.4640429666184e-08,0.0549999053595703
"30",0.019531,"F486S_maxi",0.902,"F486S",0.999999281058701,9.9852994110946e-09,0.0549999900147006
"31",10,"H396P_maxi",0.000657,"H396P",0.014177512786074,0.0591124746697188,-0.00411247466971876
"32",5,"H396P_maxi",0.0101,"H396P",0.0709655845120503,0.0367438922866728,0.0182561077133272
"33",2.5,"H396P_maxi",0.308,"H396P",0.288622772807686,0.0172588156652484,0.0377411843347516
"34",1.25,"H396P_maxi",0.702,"H396P",0.683041800411004,0.00529443361245345,0.0497055663875466
"35",0.625,"H396P_maxi",0.876,"H396P",0.91965395606846,0.00116330297782846,0.0538366970221715
"36",0.3125,"H396P_maxi",0.945,"H396P",0.983817707937729,0.00022659243406626,0.0547734075659337
"37",0.15625,"H396P_maxi",0.995,"H396P",0.996912777663023,4.29444116481575e-05,0.0549570555883518
"38",0.078125,"H396P_maxi",0.955,"H396P",0.999417302768335,8.09537591214215e-06,0.0549919046240879
"39",0.039063,"H396P_maxi",0.972,"H396P",0.999890239226945,1.52453885013333e-06,0.0549984754611499
"40",0.019531,"H396P_maxi",0.87,"H396P",0.999979334571524,2.87022805684023e-07,0.0549997129771943
"41",10,"E255K",0.000372,"E255K",0.00252886628525233,0.0830553359065178,-0.0280553359065178
"42",5,"E255K",0.00185,"E255K",0.0176484379153851,0.0560709444846819,-0.00107094448468192
"43",2.5,"E255K",0.0533,"E255K",0.112930391328055,0.0302914396670254,0.0247085603329746
"44",1.25,"E255K",0.525,"E255K",0.474272319342409,0.0103607445677234,0.0446392554322766
"45",0.625,"E255K",0.81,"E255K",0.864730457598386,0.00201857542115974,0.0529814245788403
"46",0.3125,"E255K",0.991,"E255K",0.978401549498843,0.00030326542921551,0.0546967345707845
"47",0.15625,"E255K",0.881,"E255K",0.99689443349947,4.31999830473638e-05,0.0549568000169526
"48",0.078125,"E255K",1.2,"E255K",0.999560572756809,6.10449749492847e-06,0.0549938955025051
"49",0.039063,"E255K",1.16,"E255K",0.999937962709628,8.61655760620003e-07,0.0549991383442394
"50",0.019531,"E255K",1.12,"E255K",0.999991245511987,1.2159064351922e-07,0.0549998784093565
"51",10,"T315I",0.0117,"T315I",0.326317318379931,0.0155539583578961,0.0394460416421039
"52",5,"T315I",0.696,"T315I",0.470856652487772,0.010461133034006,0.044538866965994
"53",2.5,"T315I",0.765,"T315I",0.620454450195128,0.00662920951748639,0.0483707904825136
"54",1.25,"T315I",0.757,"T315I",0.750196549848078,0.00399194500445964,0.0510080549955404
"55",0.625,"T315I",0.795,"T315I",0.846556442440368,0.00231358891953698,0.052686411080463
"56",0.3125,"T315I",0.874,"T315I",0.910195745670321,0.00130688329820572,0.0536931167017943
"57",0.15625,"T315I",0.822,"T315I",0.949030357801564,0.000726590161532808,0.0542734098384672
"58",0.078125,"T315I",0.863,"T315I",0.971595551104318,0.000400217511140415,0.0545997824888596
"59",0.039063,"T315I",0.818,"T315I",0.984335439335164,0.000219285366494728,0.0547807146335053
"60",0.019531,"T315I",0.886,"T315I",0.991412061794709,0.000119792042273628,0.0548802079577264
"61",10,"Q252H_maxi",0.000632,"Q252H",0.00141849919665082,0.0910854981951754,-0.0360854981951754
"62",5,"Q252H_maxi",0.00756,"Q252H",0.0101897739440325,0.0636995918901728,-0.0086995918901728
"63",2.5,"Q252H_maxi",0.0747,"Q252H",0.0694272523818655,0.0370482750407297,0.0179517249592703
"64",1.25,"Q252H_maxi",0.364,"Q252H",0.350939295770347,0.014543639124951,0.040456360875049
"65",0.625,"Q252H_maxi",0.758,"Q252H",0.796683694358576,0.00315691040668405,0.051843089593316
"66",0.3125,"Q252H_maxi",1.04,"Q252H",0.965983550865392,0.000480673236170201,0.0545193267638298
"67",0.15625,"Q252H_maxi",1.1,"Q252H",0.995164436860502,6.73235041890929e-05,0.0549326764958109
"68",0.078125,"Q252H_maxi",1.05,"Q252H",0.999329970247765,9.30908781232486e-06,0.0549906909121877
"69",0.039063,"Q252H_maxi",1.08,"Q252H",0.999907488899891,1.28493582672797e-06,0.0549987150641733
"70",0.019531,"Q252H_maxi",0.996,"Q252H",0.999987234739652,1.77296414230838e-07,0.0549998227035858
"71",10,"Y253F",0.000758,"Y253F",0.0217856848352284,0.0531458636641177,0.00185413633588225
"72",5,"Y253F",0.0201,"Y253F",0.0690541527348106,0.037123114721572,0.017876885278428
"73",2.5,"Y253F",0.157,"Y253F",0.198110717373122,0.0224851281377444,0.0325148718622556
"74",1.25,"Y253F",0.497,"Y253F",0.451409117331928,0.0110469613458746,0.0439530386541254
"75",0.625,"Y253F",0.747,"Y253F",0.732665133532087,0.00432036840596169,0.0506796315940383
"76",0.3125,"Y253F",0.926,"Y253F",0.901264328846577,0.00144384293958988,0.0535561570604101
"77",0.15625,"Y253F",0.839,"Y253F",0.968155187401674,0.000449484541546307,0.0545505154584537
"78",0.078125,"Y253F",0.816,"Y253F",0.990220928037296,0.00013648890439272,0.0548635110956073
"79",0.039063,"Y253F",0.875,"Y253F",0.997043613794862,4.1121735376845e-05,0.0549588782646232
"80",0.019531,"Y253F",0.833,"Y253F",0.999110567313925,1.23587286947733e-05,0.0549876412713052
"81",10,"G250E",0.0036,"G250E",0.045897979971398,0.0427963079475251,0.0122036920524749
"82",5,"G250E",0.0855,"G250E",0.121375840137672,0.0292897698688893,0.0257102301311107
"83",2.5,"G250E",0.357,"G250E",0.2840253506128,0.0174818303067151,0.0375181696932849
"84",1.25,"G250E",0.517,"G250E",0.532529700098965,0.00875161955722468,0.0462483804427753
"85",0.625,"G250E",0.692,"G250E",0.765879152952164,0.00370459563135527,0.0512954043686447
"86",0.3125,"G250E",1,"G250E",0.903790639827217,0.00140496581282322,0.0535950341871768
"87",0.15625,"G250E",0.972,"G250E",0.964255338554148,0.000505543686467997,0.054494456313532
"88",0.078125,"G250E",0.926,"G250E",0.987255629064861,0.00017814273707364,0.0548218572629264
"89",0.039063,"G250E",1.02,"G250E",0.995524733032392,6.22959854495602e-05,0.0549377040145504
"90",0.019531,"G250E",0.986,"G250E",0.998437067154145,2.17243819376659e-05,0.0549782756180623
"91",10,"F359C",0.000256,"F359C",0.000162503732985747,0.121177910892199,-0.0661779108921995
"92",5,"F359C",0.00144,"F359C",0.0017184194309815,0.0884215325848985,-0.0334215325848985
"93",2.5,"F359C",0.00568,"F359C",0.0179048982192264,0.0558705688893998,-0.000870568889399834
"94",1.25,"F359C",0.17,"F359C",0.161840489590117,0.0252936675135862,0.0297063324864138
"95",0.625,"F359C",0.667,"F359C",0.671597543086004,0.00552911127895862,0.0494708887210414
"96",0.3125,"F359C",0.948,"F359C",0.955868056584712,0.000626880438619666,0.0543731195613803
"97",0.15625,"F359C",1.08,"F359C",0.995659659304948,6.04137127501527e-05,0.0549395862872498
"98",0.078125,"F359C",1.2,"F359C",0.99958857374955,5.71542929793006e-06,0.0549942845707021
"99",0.039063,"F359C",1.19,"F359C",0.999961137514875,5.39767226264164e-07,0.0549994602327737
"100",0.019531,"F359C",1.09,"F359C",0.999996330847146,5.09605497965134e-08,0.0549999490394502
"101",10,"L248V",0.000389,"L248V",0.0027200850701789,0.0820429461578089,-0.0270429461578089
"102",5,"L248V",0.00467,"L248V",0.0134852783472621,0.0598077316854589,-0.00480773168545889
"103",2.5,"L248V",0.0194,"L248V",0.0641163975276471,0.0381535435570275,0.0168464564429726
"104",1.25,"L248V",0.267,"L248V",0.255592867660919,0.018946798071779,0.036053201928221
"105",0.625,"L248V",0.653,"L248V",0.632460365380826,0.0063630239412975,0.0486369760587025
"106",0.3125,"L248V",0.845,"L248V",0.896095527028908,0.00152372578753555,0.0534762742124645
"107",0.15625,"L248V",1.01,"L248V",0.9773871333534,0.000317673033184288,0.0546823269668157
"108",0.078125,"L248V",0.965,"L248V",0.995404869657325,6.39683390053148e-05,0.0549360316609947
"109",0.039063,"L248V",1.03,"L248V",0.999079719514256,1.2787558386252e-05,0.0549872124416137
"110",0.019531,"L248V",1.05,"L248V",0.999816251637064,2.55229509354237e-06,0.0549974477049065
"111",10,"H396R",0.000814,"H396R",0.0408445831019224,0.0444164037649027,0.0105835962350973
"112",5,"H396R",0.0753,"H396R",0.0811564809781233,0.0348802239448825,0.0201197760551175
"113",2.5,"H396R",0.204,"H396R",0.154832042093369,0.0259085326247055,0.0290914673752945
"114",1.25,"H396R",0.266,"H396R",0.275348714026935,0.017912735188975,0.037087264811025
"115",0.625,"H396R",0.416,"H396R",0.440752170498546,0.0113787851827663,0.0436212148172337
"116",0.3125,"H396R",0.638,"H396R",0.620443778579541,0.00662944840393126,0.0483705515960687
"117",0.15625,"H396R",0.775,"H396R",0.77223499740846,0.00358981075680167,0.0514101892431983
"118",0.078125,"H396R",0.841,"H396R",0.875502975344778,0.00184662123347147,0.0531533787665285
"119",0.039063,"H396R",0.999,"H396R",0.935838855454449,0.000920999726420929,0.0540790002735791
"120",0.019531,"H396R",0.932,"H396R",0.968003670189399,0.000451658336038519,0.0545483416639615
"121",10,"F359V",0.00036,"F359V",4.17815473855256e-05,0.140042441194561,-0.085042441194561
"122",5,"F359V",0.00644,"F359V",0.000462394849931868,0.106654046921649,-0.051654046921649
"123",2.5,"F359V",0.00517,"F359V",0.00509572907621579,0.073324340640742,-0.018324340640742
"124",1.25,"F359V",0.0373,"F359V",0.053663829239279,0.0406252232691848,0.0143747767308152
"125",0.625,"F359V",0.399,"F359V",0.385688150315089,0.0132323074553208,0.0417676925446792
"126",0.3125,"F359V",0.841,"F359V",0.874232517286071,0.0018667902864404,0.0531332097135596
"127",0.15625,"F359V",1.08,"F359V",0.987173046599499,0.000179304570570478,0.0548206954294295
"128",0.078125,"F359V",1.11,"F359V",0.998827778572719,1.62904030028909e-05,0.0549837095969971
"129",0.039063,"F359V",1.19,"F359V",0.999894006042674,1.47221632058701e-06,0.0549985277836794
"130",0.019531,"F359V",1.21,"F359V",0.999990426445056,1.32966677367454e-07,0.0549998670333226
"131",10,"M351T",0.00032,"M351T",0.000237906112192647,0.11588381178762,-0.0608838117876197
"132",5,"M351T",0.00227,"M351T",0.0016736801092423,0.0887879224835856,-0.0337879224835856
"133",2.5,"M351T",0.00856,"M351T",0.0116732419647088,0.0618118898325961,-0.0068118898325961
"134",1.25,"M351T",0.0449,"M351T",0.0768190232981317,0.0356430968098121,0.0193569031901879
"135",0.625,"M351T",0.38,"M351T",0.36957702585396,0.0138249458421198,0.0411750541578802
"136",0.3125,"M351T",0.817,"M351T",0.805073242837796,0.00301141695570522,0.0519885830442948
"137",0.15625,"M351T",0.907,"M351T",0.966774594205919,0.000469304287909025,0.054530695712091
"138",0.078125,"M351T",1,"M351T",0.995145542908971,6.758719778071e-05,0.0549324128022193
"139",0.039063,"M351T",0.868,"M351T",0.99930804459631,9.61381826839836e-06,0.0549903861817316
"140",0.019531,"M351T",0.855,"M351T",0.999901731635808,1.36490545616289e-06,0.0549986350945438
"141",10,"E355G_maxi",0.000344,"E355G",0.0013783976627742,0.0914837995605528,-0.0364837995605528
"142",5,"E355G_maxi",0.00483,"E355G",0.00606406705756989,0.0709079801721782,-0.0159079801721782
"143",2.5,"E355G_maxi",0.0394,"E355G",0.0262591712778758,0.0505519440131927,0.00444805598680732
"144",1.25,"E355G_maxi",0.0814,"E355G",0.106503202716834,0.0311052808586985,0.0238947191413015
"145",0.625,"E355G_maxi",0.346,"E355G",0.345064473800226,0.0147781110948668,0.0402218889051332
"146",0.3125,"E355G_maxi",0.728,"E355G",0.699592189353493,0.00496191250480744,0.0500380874951926
"147",0.15625,"E355G_maxi",0.854,"E355G",0.911453991791542,0.0012876966862108,0.0537123033137892
"148",0.078125,"E355G_maxi",1,"E355G",0.978493964657164,0.00030195361276211,0.0546980463872379
"149",0.039063,"E355G_maxi",1.02,"E355G",0.995052020671438,6.88925153938528e-05,0.0549311074846061
"150",0.019531,"E355G_maxi",0.947,"E355G",0.998876332179703,1.56152723375838e-05,0.0549843847276624
"151",10,"F317L",0.000189,"F317L",0.000481885522102165,0.106080610807428,-0.0510806108074278
"152",5,"F317L",0.00374,"F317L",0.00263860821366916,0.0824653290643104,-0.0274653290643104
"153",2.5,"F317L",0.0045,"F317L",0.0143097474077784,0.058983532458578,-0.00398353245857803
"154",1.25,"F317L",0.0358,"F317L",0.0737856896762162,0.0362026454583946,0.0187973545416054
"155",0.625,"F317L",0.335,"F317L",0.304178077236498,0.0165297495652091,0.0384702504347909
"156",0.3125,"F317L",0.686,"F317L",0.705780858178432,0.00483959012296365,0.0501604098770363
"157",0.15625,"F317L",0.932,"F317L",0.929395487299723,0.00101695719224328,0.0539830428077567
"158",0.078125,"F317L",0.969,"F317L",0.986345003254998,0.000190959495827116,0.0548090405041729
"159",0.039063,"F317L",1.13,"F317L",0.997483407272036,3.49967315308098e-05,0.0549650032684692
"160",0.019531,"F317L",1.12,"F317L",0.999540472839368,6.38378854991379e-06,0.0549936162114501
"161",10,"F359I",0.000357,"F359I",0.00207363387046199,0.0858118433028457,-0.0308118433028457
"162",5,"F359I",0.00241,"F359I",0.00740933551138943,0.0681252016426593,-0.0131252016426593
"163",2.5,"F359I",0.00523,"F359I",0.0261151297434581,0.0506283395687189,0.00437166043128113
"164",1.25,"F359I",0.0312,"F359I",0.0878656034820449,0.0337770397926643,0.0212229602073357
"165",0.625,"F359I",0.281,"F359I",0.257084096867921,0.0188660003117554,0.0361339996882446
"166",0.3125,"F359I",0.579,"F359I",0.554191235691076,0.00819785362529676,0.0468021463747032
"167",0.15625,"F359I",0.794,"F359I",0.817039785877227,0.00280649288588437,0.0521935071141156
"168",0.078125,"F359I",0.878,"F359I",0.941321889760293,0.000839862859461603,0.0541601371405384
"169",0.039063,"F359I",1.06,"F359I",0.982943061492709,0.00023894560714311,0.0547610543928569
"170",0.019531,"F359I",1.01,"F359I",0.995192890868779,6.69263950329374e-05,0.0549330736049671
"171",10,"E355A",0.000225,"E355A",2.99116153078817e-05,0.144684217793997,-0.0896842177939968
"172",5,"E355A",0.00387,"E355A",0.000292276949667236,0.11302512149213,-0.0580251214921299
"173",2.5,"E355A",0.00586,"E355A",0.00284938374647924,0.0813979519081672,-0.0263979519081672
"174",1.25,"E355A",0.0226,"E355A",0.027170374832715,0.0500781674973407,0.00492183250265932
"175",0.625,"E355A",0.2,"E355A",0.214440413820152,0.0213850468090748,0.0336149531909252
"176",0.3125,"E355A",0.754,"E355A",0.727376586234051,0.00442098521170182,0.0505790147882982
"177",0.15625,"E355A",0.883,"E355A",0.963068876417753,0.0005226437080802,0.0544773562919198
"178",0.078125,"E355A",1.03,"E355A",0.996091897743244,5.43855394912929e-05,0.0549456144605087
"179",0.039063,"E355A",0.953,"E355A",0.999598725256264,5.57437883320275e-06,0.0549944256211668
"180",0.019531,"E355A",0.973,"E355A",0.999958932991409,5.70386831438062e-07,0.0549994296131686
"181",10,"E459K",0.00197,"E459K",7.58254582123324e-05,0.131764950852547,-0.0767649508525471
"182",5,"E459K",0.00564,"E459K",0.000527296825866358,0.104829818486712,-0.0498298184867117
"183",2.5,"E459K",0.00911,"E459K",0.00365703672574507,0.0779319735732932,-0.0229319735732932
"184",1.25,"E459K",0.0122,"E459K",0.0249003643730982,0.0512899005855664,0.00371009941443358
"185",0.625,"E459K",0.0941,"E459K",0.150859453871113,0.0262695367314887,0.0287304632685113
"186",0.3125,"E459K",0.619,"E459K",0.55277891415424,0.00823329376349114,0.0467667062365089
"187",0.15625,"E459K",0.792,"E459K",0.895826240276169,0.001527900181624,0.053472099818376
"188",0.078125,"E459K",1.03,"E459K",0.983560098300649,0.000230229673070593,0.0547697703269294
"189",0.039063,"E459K",1.05,"E459K",0.997603179823523,3.33291270545934e-05,0.0549666708729454
"190",0.019531,"E459K",0.996,"E459K",0.999654808312934,4.79515665876282e-06,0.0549952048433412
"191",10,"D276G_maxi",0.000338,"D276G",0.00284410168221394,0.0814237224227846,-0.0264237224227846
"192",5,"D276G_maxi",0.00454,"D276G",0.00821056146958511,0.0666990829077246,-0.0116990829077246
"193",2.5,"D276G_maxi",0.0241,"D276G",0.0234645754498166,0.0521147697612719,0.00288523023872812
"194",1.25,"D276G_maxi",0.0394,"D276G",0.0651953868163236,0.0379217578736611,0.0170782421263389
"195",0.625,"D276G_maxi",0.0848,"D276G",0.168348327348317,0.0247461120692409,0.0302538879307591
"196",0.3125,"D276G_maxi",0.441,"D276G",0.370095267971413,0.0138054836872582,0.0411945163127418
"197",0.15625,"D276G_maxi",0.649,"D276G",0.630360159341403,0.00640922140902612,0.0485907785909739
"198",0.078125,"D276G_maxi",0.799,"D276G",0.831925079763006,0.00255573459135135,0.0524442654086486
"199",0.039063,"D276G_maxi",0.905,"D276G",0.934922405793172,0.000934607522134484,0.0540653924778655
"200",0.019531,"D276G_maxi",0.926,"D276G",0.976580608560154,0.000329138661439455,0.0546708613385605
"201",10,"V299L_H",0.000334,"V299L",7.17940470532526e-05,0.132523736048183,-0.0775237360481828
"202",5,"V299L_H",0.0131,"V299L",0.000357887177809271,0.110212399541897,-0.0552123995418972
"203",2.5,"V299L_H",0.0174,"V299L",0.00178200520762963,0.0879168892720376,-0.0329168892720376
"204",1.25,"V299L_H",0.0185,"V299L",0.00882300986412642,0.0656998918436304,-0.0106998918436304
"205",0.625,"V299L_H",0.0432,"V299L",0.0424997549645304,0.0438646801195673,0.0111353198804327
"206",0.3125,"V299L_H",0.201,"V299L",0.181216792235788,0.0237230724622798,0.0312769275377202
"207",0.15625,"V299L_H",0.52,"V299L",0.52462433764227,0.0089593447203439,0.0460406552796561
"208",0.078125,"V299L_H",0.796,"V299L",0.84622300850637,0.00231906042608014,0.0526809395739199
"209",0.039063,"V299L_H",1.08,"V299L",0.964836572995698,0.000497174255469877,0.0545028257445301
"210",0.019531,"V299L_H",1.09,"V299L",0.992744502817717,0.000101138143250246,0.0548988618567498
"211",10,"Wt",0.000617,"Wt",0.000875867680150661,0.0977818823401863,-0.0427818823401863
"212",5,"Wt",0.00307,"Wt",0.00292716618760596,0.0810238957698724,-0.0260238957698724
"213",2.5,"Wt",0.00624,"Wt",0.00973583052971884,0.0643325323612464,-0.00933253236124642
"214",1.25,"Wt",0.0131,"Wt",0.0318753286987613,0.047860041158871,0.00713995884112897
"215",0.625,"Wt",0.0309,"Wt",0.0993114803246319,0.0320763069733273,0.0229236930266727
"216",0.3125,"Wt",0.272,"Wt",0.269675794653454,0.0182018722502373,0.0367981277497627
"217",0.15625,"Wt",0.612,"Wt",0.552891915183797,0.00823045483764149,0.0467695451623585
"218",0.078125,"Wt",0.777,"Wt",0.805493947078727,0.00300416098448358,0.0519958390155164
"219",0.039063,"Wt",0.894,"Wt",0.93274248064566,0.000967029561151012,0.054032970438849
"220",0.019531,"Wt",0.909,"Wt",0.978923095237022,0.000295863804759434,0.0547041361952406
