"","experiment","Spike_in_freq","duration","mutant","net_gr_wodrug_perhours","netgr_wodrug_perdays","netgr_obs","drug_effect_obs","conc_for_ic50_predictions","y_pred","drug_effect_pred","netgr_pred"
"1","M3",1000,"d0d3","T315I",0.055,1.32,0.0616556918320131,-0.00665569183201306,0.8,0.816264823799214,0.00281967274583036,0.0521803272541696
"2","Enu_4",1000,"d3d6","T315I",0.055,1.32,0.0537551502324575,0.00124484976754247,0.8,0.816264823799214,0.00281967274583036,0.0521803272541696
"3","M3",1000,"d3d6","T315I",0.055,1.32,0.0556532112719625,-0.000653211271962544,0.8,0.816264823799214,0.00281967274583036,0.0521803272541696
"4","M4",5000,"d3d6","T315I",0.055,1.32,0.0577607817388496,-0.0027607817388496,0.8,0.816264823799214,0.00281967274583036,0.0521803272541696
"5","Enu_4",1000,"d0d3","T315I",0.055,1.32,0.0580688018058896,-0.00306880180588959,0.8,0.816264823799214,0.00281967274583036,0.0521803272541696
"6","M7",1000,"d3d6","T315I",0.055,1.32,0.0512023868232599,0.00379761317674012,0.8,0.816264823799214,0.00281967274583036,0.0521803272541696
"7","M6",5000,"d0d3","T315I",0.055,1.32,0.0644298708294598,-0.00942987082945979,0.8,0.816264823799214,0.00281967274583036,0.0521803272541696
"8","Enu_3",1000,"d3d6","T315I",0.055,1.32,0.0648127500372221,-0.00981275003722213,0.8,0.816264823799214,0.00281967274583036,0.0521803272541696
"9","Enu_4",1000,"d0d6","T315I",0.055,1.32,0.0559119760191736,-0.00091197601917356,0.8,0.816264823799214,0.00281967274583036,0.0521803272541696
"10","M3",1000,"d0d6","T315I",0.055,1.32,0.0586544515519878,-0.00365445155198781,0.8,0.816264823799214,0.00281967274583036,0.0521803272541696
"11","M5",1000,"d3d6","T315I",0.055,1.32,0.0431633699185258,0.0118366300814742,0.8,0.816264823799214,0.00281967274583036,0.0521803272541696
"12","M6",5000,"d3d6","T315I",0.055,1.32,0.0564405227297085,-0.00144052272970849,0.8,0.816264823799214,0.00281967274583036,0.0521803272541696
"13","M6",5000,"d0d6","T315I",0.055,1.32,0.0604351967795841,-0.00543519677958414,0.8,0.816264823799214,0.00281967274583036,0.0521803272541696
"14","M3",1000,"d0d3","Y253H",0.055,1.32,0.0691322117935927,-0.0141322117935927,0.8,0.986688765575495,0.00018611976444765,0.0548138802355524
"15","Enu_4",1000,"d0d3","Y253H",0.055,1.32,0.050266512878395,0.00473348712160501,0.8,0.986688765575495,0.00018611976444765,0.0548138802355524
"16","Enu_4",1000,"d3d6","Y253H",0.055,1.32,0.0478060522228905,0.00719394777710947,0.8,0.986688765575495,0.00018611976444765,0.0548138802355524
"17","Enu_3",1000,"d3d6","Y253H",0.055,1.32,0.0583947314978924,-0.00339473149789241,0.8,0.986688765575495,0.00018611976444765,0.0548138802355524
"18","M3",1000,"d3d6","Y253H",0.055,1.32,0.0566953578581641,-0.00169535785816408,0.8,0.986688765575495,0.00018611976444765,0.0548138802355524
"19","M4",5000,"d3d6","Y253H",0.055,1.32,0.0555527219221449,-0.000552721922144908,0.8,0.986688765575495,0.00018611976444765,0.0548138802355524
"20","M6",5000,"d0d3","Y253H",0.055,1.32,0.070689834124514,-0.015689834124514,0.8,0.986688765575495,0.00018611976444765,0.0548138802355524
"21","M7",1000,"d3d6","Y253H",0.055,1.32,0.0539402361362578,0.00105976386374222,0.8,0.986688765575495,0.00018611976444765,0.0548138802355524
"22","Enu_4",1000,"d0d6","Y253H",0.055,1.32,0.0490362825506428,0.00596371744935723,0.8,0.986688765575495,0.00018611976444765,0.0548138802355524
"23","M6",5000,"d3d6","Y253H",0.055,1.32,0.0577807399467394,-0.00278073994673943,0.8,0.986688765575495,0.00018611976444765,0.0548138802355524
"24","M3",1000,"d0d6","Y253H",0.055,1.32,0.0629137848258784,-0.00791378482587839,0.8,0.986688765575495,0.00018611976444765,0.0548138802355524
"25","M6",5000,"d0d6","Y253H",0.055,1.32,0.0642352870356267,-0.00923528703562673,0.8,0.986688765575495,0.00018611976444765,0.0548138802355524
"26","M5",1000,"d3d6","Y253H",0.055,1.32,0.0426865554238963,0.0123134445761037,0.8,0.986688765575495,0.00018611976444765,0.0548138802355524
"27","M6",5000,"d0d3","E255V",0.055,1.32,0.0813387855024452,-0.0263387855024452,0.8,0.999945386760849,7.58537923724257e-07,0.0549992414620763
"28","M5",1000,"d3d6","E255V",0.055,1.32,0.0420585991056577,0.0129414008943423,0.8,0.999945386760849,7.58537923724257e-07,0.0549992414620763
"29","M7",1000,"d3d6","E255V",0.055,1.32,0.0521537397342698,0.00284626026573022,0.8,0.999945386760849,7.58537923724257e-07,0.0549992414620763
"30","M4",5000,"d3d6","E255V",0.055,1.32,0.0575613596791261,-0.00256135967912609,0.8,0.999945386760849,7.58537923724257e-07,0.0549992414620763
"31","M3",1000,"d0d6","E255V",0.055,1.32,0.0599495213000037,-0.00494952130000372,0.8,0.999945386760849,7.58537923724257e-07,0.0549992414620763
"32","M3",1000,"d0d3","E255V",0.055,1.32,0.0626300306066603,-0.00763003060666034,0.8,0.999945386760849,7.58537923724257e-07,0.0549992414620763
"33","M6",5000,"d3d6","E255V",0.055,1.32,0.0565968051157205,-0.00159680511572053,0.8,0.999945386760849,7.58537923724257e-07,0.0549992414620763
"34","M3",1000,"d3d6","E255V",0.055,1.32,0.0572690119933471,-0.00226901199334712,0.8,0.999945386760849,7.58537923724257e-07,0.0549992414620763
"35","M6",5000,"d0d6","E255V",0.055,1.32,0.0689677953090829,-0.0139677953090829,0.8,0.999945386760849,7.58537923724257e-07,0.0549992414620763
"36","M6",5000,"d0d3","M351T",0.055,1.32,0.0711151434288902,-0.0161151434288902,0.8,0.226295906412906,0.0206376641071009,0.0343623358928991
"37","M7",1000,"d3d6","M351T",0.055,1.32,0.048565238848959,0.00643476115104097,0.8,0.226295906412906,0.0206376641071009,0.0343623358928991
"38","M4",5000,"d3d6","M351T",0.055,1.32,0.0517805755748803,0.00321942442511969,0.8,0.226295906412906,0.0206376641071009,0.0343623358928991
"39","M5",1000,"d3d6","M351T",0.055,1.32,0.0413809616989955,0.0136190383010045,0.8,0.226295906412906,0.0206376641071009,0.0343623358928991
"40","M3",1000,"d0d3","M351T",0.055,1.32,0.0509812388688562,0.00401876113114378,0.8,0.226295906412906,0.0206376641071009,0.0343623358928991
"41","M3",1000,"d3d6","M351T",0.055,1.32,0.0550596784448217,-5.967844482168e-05,0.8,0.226295906412906,0.0206376641071009,0.0343623358928991
"42","M3",1000,"d0d6","M351T",0.055,1.32,0.053020458656839,0.00197954134316105,0.8,0.226295906412906,0.0206376641071009,0.0343623358928991
"43","M6",5000,"d3d6","M351T",0.055,1.32,0.0504638392474484,0.00453616075255157,0.8,0.226295906412906,0.0206376641071009,0.0343623358928991
"44","M6",5000,"d0d6","M351T",0.055,1.32,0.0607894913381693,-0.00578949133816933,0.8,0.226295906412906,0.0206376641071009,0.0343623358928991
"45","M3",1000,"d3d6","G250E",0.055,1.32,0.0517196077013197,0.00328039229868034,0.8,0.69200220586075,0.00511341855152089,0.0498865814484791
"46","M3",1000,"d0d3","G250E",0.055,1.32,0.058362136592558,-0.00336213659255802,0.8,0.69200220586075,0.00511341855152089,0.0498865814484791
"47","Enu_4",1000,"d3d6","G250E",0.055,1.32,0.0481939493933277,0.00680605060667228,0.8,0.69200220586075,0.00511341855152089,0.0498865814484791
"48","Enu_4",1000,"d0d6","G250E",0.055,1.32,0.0477103929745677,0.00728960702543231,0.8,0.69200220586075,0.00511341855152089,0.0498865814484791
"49","M3",1000,"d0d6","G250E",0.055,1.32,0.0550408721469388,-4.08721469388404e-05,0.8,0.69200220586075,0.00511341855152089,0.0498865814484791
"50","M4",5000,"d3d6","G250E",0.055,1.32,0.0501433491660108,0.00485665083398916,0.8,0.69200220586075,0.00511341855152089,0.0498865814484791
"51","M5",1000,"d3d6","G250E",0.055,1.32,0.0375950168128817,0.0174049831871183,0.8,0.69200220586075,0.00511341855152089,0.0498865814484791
"52","M6",5000,"d0d3","G250E",0.055,1.32,0.0781230706856515,-0.0231230706856515,0.8,0.69200220586075,0.00511341855152089,0.0498865814484791
"53","M7",1000,"d3d6","G250E",0.055,1.32,0.0471097526960482,0.00789024730395178,0.8,0.69200220586075,0.00511341855152089,0.0498865814484791
"54","Enu_3",1000,"d3d6","G250E",0.055,1.32,0.0605235691423465,-0.0055235691423465,0.8,0.69200220586075,0.00511341855152089,0.0498865814484791
"55","Enu_4",1000,"d0d3","G250E",0.055,1.32,0.0472268365558077,0.00777316344419234,0.8,0.69200220586075,0.00511341855152089,0.0498865814484791
"56","M6",5000,"d3d6","G250E",0.055,1.32,0.0511485233285775,0.00385147667142253,0.8,0.69200220586075,0.00511341855152089,0.0498865814484791
"57","M6",5000,"d0d6","G250E",0.055,1.32,0.0646357970071145,-0.0096357970071145,0.8,0.69200220586075,0.00511341855152089,0.0498865814484791
"58","M3",1000,"d0d3","H396P",0.055,1.32,0.0513796625167495,0.00362033748325052,0.8,0.863296198065183,0.00204163094035968,0.0529583690596403
"59","M7",1000,"d3d6","H396P",0.055,1.32,0.0361782186753564,0.0188217813246436,0.8,0.863296198065183,0.00204163094035968,0.0529583690596403
"60","M6",5000,"d0d3","H396P",0.055,1.32,0.0671943722893807,-0.0121943722893807,0.8,0.863296198065183,0.00204163094035968,0.0529583690596403
"61","Enu_4",1000,"d0d6","H396P",0.055,1.32,0.0334118473658627,0.0215881526341373,0.8,0.863296198065183,0.00204163094035968,0.0529583690596403
"62","M3",1000,"d3d6","H396P",0.055,1.32,0.0487243231157813,0.00627567688421873,0.8,0.863296198065183,0.00204163094035968,0.0529583690596403
"63","Enu_4",1000,"d3d6","H396P",0.055,1.32,0.0324653619355813,0.0225346380644187,0.8,0.863296198065183,0.00204163094035968,0.0529583690596403
"64","M6",5000,"d3d6","H396P",0.055,1.32,0.0407904899805769,0.0142095100194231,0.8,0.863296198065183,0.00204163094035968,0.0529583690596403
"65","M6",5000,"d0d6","H396P",0.055,1.32,0.0539924311349788,0.00100756886502119,0.8,0.863296198065183,0.00204163094035968,0.0529583690596403
"66","Enu_4",1000,"d0d3","H396P",0.055,1.32,0.034358332796144,0.020641667203856,0.8,0.863296198065183,0.00204163094035968,0.0529583690596403
"67","Enu_3",1000,"d3d6","H396P",0.055,1.32,0.0421812905742452,0.0128187094257548,0.8,0.863296198065183,0.00204163094035968,0.0529583690596403
"68","M3",1000,"d0d6","H396P",0.055,1.32,0.0500519928162654,0.00494800718373463,0.8,0.863296198065183,0.00204163094035968,0.0529583690596403
"69","M4",5000,"d3d6","H396P",0.055,1.32,0.0378978239950472,0.0171021760049528,0.8,0.863296198065183,0.00204163094035968,0.0529583690596403
"70","M5",1000,"d3d6","H396P",0.055,1.32,0.0318396979860822,0.0231603020139178,0.8,0.863296198065183,0.00204163094035968,0.0529583690596403
"71","M6",5000,"d0d3","L248V",0.055,1.32,0.0642524140765957,-0.00925241407659567,0.8,0.492190092950689,0.00984569818506512,0.0451543018149349
"72","M3",1000,"d3d6","L248V",0.055,1.32,0.0396406266927503,0.0153593733072497,0.8,0.492190092950689,0.00984569818506512,0.0451543018149349
"73","M4",5000,"d3d6","L248V",0.055,1.32,0.0309686188981078,0.0240313811018922,0.8,0.492190092950689,0.00984569818506512,0.0451543018149349
"74","M5",1000,"d3d6","L248V",0.055,1.32,0.0281485278643909,0.0268514721356091,0.8,0.492190092950689,0.00984569818506512,0.0451543018149349
"75","M6",5000,"d3d6","L248V",0.055,1.32,0.0302288352512854,0.0247711647487146,0.8,0.492190092950689,0.00984569818506512,0.0451543018149349
"76","M7",1000,"d3d6","L248V",0.055,1.32,0.0269192923087508,0.0280807076912492,0.8,0.492190092950689,0.00984569818506512,0.0451543018149349
"77","Enu_4",1000,"d0d3","L248V",0.055,1.32,0.0401630011874868,0.0148369988125132,0.8,0.492190092950689,0.00984569818506512,0.0451543018149349
"78","M3",1000,"d0d3","L248V",0.055,1.32,0.0458359814430316,0.00916401855696845,0.8,0.492190092950689,0.00984569818506512,0.0451543018149349
"79","Enu_4",1000,"d0d6","L248V",0.055,1.32,0.0368966108502446,0.0181033891497554,0.8,0.492190092950689,0.00984569818506512,0.0451543018149349
"80","M3",1000,"d0d6","L248V",0.055,1.32,0.0427383040678909,0.0122616959321091,0.8,0.492190092950689,0.00984569818506512,0.0451543018149349
"81","M6",5000,"d0d6","L248V",0.055,1.32,0.0472406246639405,0.00775937533605948,0.8,0.492190092950689,0.00984569818506512,0.0451543018149349
"82","Enu_3",1000,"d3d6","L248V",0.055,1.32,0.0471623689742514,0.00783763102574856,0.8,0.492190092950689,0.00984569818506512,0.0451543018149349
"83","Enu_4",1000,"d3d6","L248V",0.055,1.32,0.0336302205130024,0.0213697794869976,0.8,0.492190092950689,0.00984569818506512,0.0451543018149349
"84","M6",5000,"d0d3","H396R",0.055,1.32,0.0398941155880398,0.0151058844119602,0.8,0.3780267970636,0.0135109749190639,0.0414890250809361
"85","M4",5000,"d3d6","H396R",0.055,1.32,0.0365771742828268,0.0184228257171732,0.8,0.3780267970636,0.0135109749190639,0.0414890250809361
"86","M7",1000,"d3d6","H396R",0.055,1.32,0.0441999457380923,0.0108000542619077,0.8,0.3780267970636,0.0135109749190639,0.0414890250809361
"87","M5",1000,"d3d6","H396R",0.055,1.32,0.0323473649519127,0.0226526350480873,0.8,0.3780267970636,0.0135109749190639,0.0414890250809361
"88","M6",5000,"d3d6","H396R",0.055,1.32,0.0417233554390856,0.0132766445609144,0.8,0.3780267970636,0.0135109749190639,0.0414890250809361
"89","M6",5000,"d0d6","H396R",0.055,1.32,0.0408087355135627,0.0141912644864373,0.8,0.3780267970636,0.0135109749190639,0.0414890250809361
"90","M3",1000,"d3d6","H396R",0.055,1.32,0.0427198643829193,0.0122801356170807,0.8,0.3780267970636,0.0135109749190639,0.0414890250809361
"91","M3",1000,"d0d6","H396R",0.055,1.32,0.0400808961635351,0.0149191038364649,0.8,0.3780267970636,0.0135109749190639,0.0414890250809361
"92","M3",1000,"d0d3","H396R",0.055,1.32,0.0374419279441509,0.0175580720558491,0.8,0.3780267970636,0.0135109749190639,0.0414890250809361
"93","M7",1000,"d3d6","Y253F",0.055,1.32,0.0355397221781819,0.0194602778218181,0.8,0.640995317362109,0.00617684899021483,0.0488231510097852
"94","M3",1000,"d0d3","Y253F",0.055,1.32,0.032550335908946,0.022449664091054,0.8,0.640995317362109,0.00617684899021483,0.0488231510097852
"95","M3",1000,"d3d6","Y253F",0.055,1.32,0.0469383450557703,0.00806165494422971,0.8,0.640995317362109,0.00617684899021483,0.0488231510097852
"96","M6",5000,"d3d6","Y253F",0.055,1.32,0.0382051517146049,0.0167948482853951,0.8,0.640995317362109,0.00617684899021483,0.0488231510097852
"97","M6",5000,"d0d6","Y253F",0.055,1.32,0.0496634357193594,0.00533656428064063,0.8,0.640995317362109,0.00617684899021483,0.0488231510097852
"98","M4",5000,"d3d6","Y253F",0.055,1.32,0.0336183747514546,0.0213816252485454,0.8,0.640995317362109,0.00617684899021483,0.0488231510097852
"99","M6",5000,"d0d3","Y253F",0.055,1.32,0.0611217197241139,-0.00612171972411389,0.8,0.640995317362109,0.00617684899021483,0.0488231510097852
"100","M3",1000,"d0d6","Y253F",0.055,1.32,0.0397443404823581,0.0152556595176419,0.8,0.640995317362109,0.00617684899021483,0.0488231510097852
"101","M5",1000,"d3d6","Y253F",0.055,1.32,0.0299196444387935,0.0250803555612065,0.8,0.640995317362109,0.00617684899021483,0.0488231510097852
"102","M3",1000,"d3d6","Q252H",0.055,1.32,0.0350310392612771,0.0199689607387229,0.8,0.659330831172478,0.00578513681195724,0.0492148631880428
"103","M3",1000,"d0d3","Q252H",0.055,1.32,0.0353917597999288,0.0196082402000712,0.8,0.659330831172478,0.00578513681195724,0.0492148631880428
"104","M7",1000,"d3d6","Q252H",0.055,1.32,0.026188301691051,0.028811698308949,0.8,0.659330831172478,0.00578513681195724,0.0492148631880428
"105","M6",5000,"d0d3","Q252H",0.055,1.32,0.0380807945834078,0.0169192054165922,0.8,0.659330831172478,0.00578513681195724,0.0492148631880428
"106","Enu_4",1000,"d3d6","Q252H",0.055,1.32,NA,NA,0.8,0.659330831172478,0.00578513681195724,0.0492148631880428
"107","M4",5000,"d3d6","Q252H",0.055,1.32,0.0183321277910253,0.0366678722089747,0.8,0.659330831172478,0.00578513681195724,0.0492148631880428
"108","Enu_4",1000,"d0d3","Q252H",0.055,1.32,NA,NA,0.8,0.659330831172478,0.00578513681195724,0.0492148631880428
"109","M6",5000,"d3d6","Q252H",0.055,1.32,0.0222071460834166,0.0327928539165834,0.8,0.659330831172478,0.00578513681195724,0.0492148631880428
"110","Enu_4",1000,"d0d6","Q252H",0.055,1.32,NA,NA,0.8,0.659330831172478,0.00578513681195724,0.0492148631880428
"111","M5",1000,"d3d6","Q252H",0.055,1.32,0.0195654134351078,0.0354345865648922,0.8,0.659330831172478,0.00578513681195724,0.0492148631880428
"112","M6",5000,"d0d6","Q252H",0.055,1.32,0.0301439703334122,0.0248560296665878,0.8,0.659330831172478,0.00578513681195724,0.0492148631880428
"113","M3",1000,"d0d6","Q252H",0.055,1.32,0.035211399530603,0.019788600469397,0.8,0.659330831172478,0.00578513681195724,0.0492148631880428
"114","M6",5000,"d0d3","E255K",0.055,1.32,0.0452084170790659,0.00979158292093405,0.8,0.760926438925069,0.00379470263182885,0.0512052973681712
"115","M3",1000,"d0d3","E255K",0.055,1.32,0.0450944276782183,0.0099055723217817,0.8,0.760926438925069,0.00379470263182885,0.0512052973681712
"116","M4",5000,"d3d6","E255K",0.055,1.32,0.0310994307754623,0.0239005692245377,0.8,0.760926438925069,0.00379470263182885,0.0512052973681712
"117","M5",1000,"d3d6","E255K",0.055,1.32,0.018454112899826,0.036545887100174,0.8,0.760926438925069,0.00379470263182885,0.0512052973681712
"118","M6",5000,"d3d6","E255K",0.055,1.32,0.0223612985762536,0.0326387014237464,0.8,0.760926438925069,0.00379470263182885,0.0512052973681712
"119","M7",1000,"d3d6","E255K",0.055,1.32,0.0273175236817737,0.0276824763182263,0.8,0.760926438925069,0.00379470263182885,0.0512052973681712
"120","M3",1000,"d0d6","E255K",0.055,1.32,0.0392877007731477,0.0157122992268523,0.8,0.760926438925069,0.00379470263182885,0.0512052973681712
"121","M6",5000,"d0d6","E255K",0.055,1.32,0.0337848578276598,0.0212151421723402,0.8,0.760926438925069,0.00379470263182885,0.0512052973681712
"122","M3",1000,"d3d6","E255K",0.055,1.32,0.0334809738680772,0.0215190261319228,0.8,0.760926438925069,0.00379470263182885,0.0512052973681712
"123","Enu_4",1000,"d0d3","F317L",0.055,1.32,-0.00846362374972897,0.063463623749729,0.8,0.192507106352504,0.0228836418030386,0.0321163581969614
"124","M3",1000,"d0d3","F317L",0.055,1.32,0.0315381611218042,0.0234618388781958,0.8,0.192507106352504,0.0228836418030386,0.0321163581969614
"125","Enu_3",1000,"d3d6","F317L",0.055,1.32,NA,NA,0.8,0.192507106352504,0.0228836418030386,0.0321163581969614
"126","Enu_4",1000,"d3d6","F317L",0.055,1.32,NA,NA,0.8,0.192507106352504,0.0228836418030386,0.0321163581969614
"127","M3",1000,"d3d6","F317L",0.055,1.32,0.0308041892913613,0.0241958107086387,0.8,0.192507106352504,0.0228836418030386,0.0321163581969614
"128","M6",5000,"d0d3","F317L",0.055,1.32,0.0384925557400118,0.0165074442599882,0.8,0.192507106352504,0.0228836418030386,0.0321163581969614
"129","M7",1000,"d3d6","F317L",0.055,1.32,0.0175466585203488,0.0374533414796512,0.8,0.192507106352504,0.0228836418030386,0.0321163581969614
"130","M3",1000,"d0d6","F317L",0.055,1.32,0.0311711752065828,0.0238288247934172,0.8,0.192507106352504,0.0228836418030386,0.0321163581969614
"131","M4",5000,"d3d6","F317L",0.055,1.32,0.0140740544933049,0.0409259455066951,0.8,0.192507106352504,0.0228836418030386,0.0321163581969614
"132","M5",1000,"d3d6","F317L",0.055,1.32,0.0157697540124068,0.0392302459875932,0.8,0.192507106352504,0.0228836418030386,0.0321163581969614
"133","Enu_4",1000,"d0d6","F317L",0.055,1.32,NA,NA,0.8,0.192507106352504,0.0228836418030386,0.0321163581969614
"134","M6",5000,"d0d6","F317L",0.055,1.32,0.0272712878822067,0.0277287121177933,0.8,0.192507106352504,0.0228836418030386,0.0321163581969614
"135","M6",5000,"d3d6","F317L",0.055,1.32,0.0160500200244016,0.0389499799755984,0.8,0.192507106352504,0.0228836418030386,0.0321163581969614
"136","M3",1000,"d0d6","F359L",0.055,1.32,NA,NA,NA,NA,NA,NA
"137","M3",1000,"d3d6","F359L",0.055,1.32,NA,NA,NA,NA,NA,NA
"138","M3",1000,"d0d3","F359L",0.055,1.32,-0.0031374685958978,0.0581374685958978,NA,NA,NA,NA
"139","M6",5000,"d0d3","F359L",0.055,1.32,NA,NA,NA,NA,NA,NA
"140","M4",5000,"d3d6","F359L",0.055,1.32,NA,NA,NA,NA,NA,NA
"141","M5",1000,"d3d6","F359L",0.055,1.32,NA,NA,NA,NA,NA,NA
"142","M6",5000,"d0d6","F359L",0.055,1.32,NA,NA,NA,NA,NA,NA
"143","M7",1000,"d3d6","F359L",0.055,1.32,NA,NA,NA,NA,NA,NA
"144","M6",5000,"d3d6","F359L",0.055,1.32,NA,NA,NA,NA,NA,NA
"145","M3",1000,"d0d3","F359V",0.055,1.32,0.034874909856677,0.020125090143323,0.8,0.210522229037318,0.021641167087607,0.033358832912393
"146","Enu_3",1000,"d3d6","F359V",0.055,1.32,NA,NA,0.8,0.210522229037318,0.021641167087607,0.033358832912393
"147","Enu_4",1000,"d0d3","F359V",0.055,1.32,0.000472901407290225,0.0545270985927098,0.8,0.210522229037318,0.021641167087607,0.033358832912393
"148","M6",5000,"d0d3","F359V",0.055,1.32,NA,NA,0.8,0.210522229037318,0.021641167087607,0.033358832912393
"149","Enu_4",1000,"d3d6","F359V",0.055,1.32,-0.00235009775758379,0.0573500977575838,0.8,0.210522229037318,0.021641167087607,0.033358832912393
"150","M4",5000,"d3d6","F359V",0.055,1.32,0.0319261652555624,0.0230738347444376,0.8,0.210522229037318,0.021641167087607,0.033358832912393
"151","M3",1000,"d3d6","F359V",0.055,1.32,0.028451268722294,0.026548731277706,0.8,0.210522229037318,0.021641167087607,0.033358832912393
"152","Enu_4",1000,"d0d6","F359V",0.055,1.32,-0.000938598175146783,0.0559385981751468,0.8,0.210522229037318,0.021641167087607,0.033358832912393
"153","M5",1000,"d3d6","F359V",0.055,1.32,0.012149502478388,0.042850497521612,0.8,0.210522229037318,0.021641167087607,0.033358832912393
"154","M7",1000,"d3d6","F359V",0.055,1.32,0.0245087972988564,0.0304912027011436,0.8,0.210522229037318,0.021641167087607,0.033358832912393
"155","M6",5000,"d0d6","F359V",0.055,1.32,NA,NA,0.8,0.210522229037318,0.021641167087607,0.033358832912393
"156","M3",1000,"d0d6","F359V",0.055,1.32,0.0316630892894855,0.0233369107105145,0.8,0.210522229037318,0.021641167087607,0.033358832912393
"157","M6",5000,"d3d6","F359V",0.055,1.32,0.0297729630991121,0.0252270369008879,0.8,0.210522229037318,0.021641167087607,0.033358832912393
"158","M6",5000,"d0d3","F359I",0.055,1.32,0.0349286087440826,0.0200713912559174,0.8,0.179960361874747,0.0238197036687371,0.0311802963312629
"159","M5",1000,"d3d6","F359I",0.055,1.32,-0.00131177652732138,0.0563117765273214,0.8,0.179960361874747,0.0238197036687371,0.0311802963312629
"160","M4",5000,"d3d6","F359I",0.055,1.32,0.0185405373776214,0.0364594626223786,0.8,0.179960361874747,0.0238197036687371,0.0311802963312629
"161","M7",1000,"d3d6","F359I",0.055,1.32,0.0133176750947091,0.0416823249052909,0.8,0.179960361874747,0.0238197036687371,0.0311802963312629
"162","M6",5000,"d0d6","F359I",0.055,1.32,0.0176230110273059,0.0373769889726941,0.8,0.179960361874747,0.0238197036687371,0.0311802963312629
"163","M6",5000,"d3d6","F359I",0.055,1.32,0.000317413310529148,0.0546825866894709,0.8,0.179960361874747,0.0238197036687371,0.0311802963312629
"164","M3",1000,"d0d3","F359I",0.055,1.32,0.0229487230196449,0.0320512769803551,0.8,0.179960361874747,0.0238197036687371,0.0311802963312629
"165","M3",1000,"d0d6","F359I",0.055,1.32,0.025311340168043,0.029688659831957,0.8,0.179960361874747,0.0238197036687371,0.0311802963312629
"166","M3",1000,"d3d6","F359I",0.055,1.32,0.0276739573164411,0.0273260426835589,0.8,0.179960361874747,0.0238197036687371,0.0311802963312629
"167","Enu_4",1000,"d0d3","E355G",0.055,1.32,0.0103334210952237,0.0446665789047763,0.8,0.23683817861953,0.0200052522456887,0.0349947477543113
"168","M3",1000,"d0d3","E355G",0.055,1.32,0.0185280300274317,0.0364719699725683,0.8,0.23683817861953,0.0200052522456887,0.0349947477543113
"169","Enu_3",1000,"d3d6","E355G",0.055,1.32,NA,NA,0.8,0.23683817861953,0.0200052522456887,0.0349947477543113
"170","Enu_4",1000,"d3d6","E355G",0.055,1.32,NA,NA,0.8,0.23683817861953,0.0200052522456887,0.0349947477543113
"171","M3",1000,"d3d6","E355G",0.055,1.32,0.0267902770166541,0.0282097229833459,0.8,0.23683817861953,0.0200052522456887,0.0349947477543113
"172","M6",5000,"d0d3","E355G",0.055,1.32,0.0138757912325283,0.0411242087674717,0.8,0.23683817861953,0.0200052522456887,0.0349947477543113
"173","M5",1000,"d3d6","E355G",0.055,1.32,0.00378404910423811,0.0512159508957619,0.8,0.23683817861953,0.0200052522456887,0.0349947477543113
"174","M7",1000,"d3d6","E355G",0.055,1.32,-0.00629905685449964,0.0612990568544996,0.8,0.23683817861953,0.0200052522456887,0.0349947477543113
"175","M4",5000,"d3d6","E355G",0.055,1.32,0.0128916576093964,0.0421083423906036,0.8,0.23683817861953,0.0200052522456887,0.0349947477543113
"176","M3",1000,"d0d6","E355G",0.055,1.32,0.0226591535220429,0.0323408464779571,0.8,0.23683817861953,0.0200052522456887,0.0349947477543113
"177","M6",5000,"d3d6","E355G",0.055,1.32,0.0118278860192327,0.0431721139807673,0.8,0.23683817861953,0.0200052522456887,0.0349947477543113
"178","Enu_4",1000,"d0d6","E355G",0.055,1.32,NA,NA,0.8,0.23683817861953,0.0200052522456887,0.0349947477543113
"179","M6",5000,"d0d6","E355G",0.055,1.32,0.0128518386258805,0.0421481613741195,0.8,0.23683817861953,0.0200052522456887,0.0349947477543113
"180","M6",5000,"d0d3","E355A",0.055,1.32,0.037364718698236,0.017635281301764,0.8,0.108102474992904,0.0308982730444104,0.0241017269555896
"181","M6",5000,"d3d6","E355A",0.055,1.32,NA,NA,0.8,0.108102474992904,0.0308982730444104,0.0241017269555896
"182","M6",5000,"d0d6","E355A",0.055,1.32,NA,NA,0.8,0.108102474992904,0.0308982730444104,0.0241017269555896
"183","M5",1000,"d3d6","E355A",0.055,1.32,0.000184063148507012,0.054815936851493,0.8,0.108102474992904,0.0308982730444104,0.0241017269555896
"184","M7",1000,"d3d6","E355A",0.055,1.32,NA,NA,0.8,0.108102474992904,0.0308982730444104,0.0241017269555896
"185","M3",1000,"d0d3","E355A",0.055,1.32,0.0349377398118437,0.0200622601881563,0.8,0.108102474992904,0.0308982730444104,0.0241017269555896
"186","M4",5000,"d3d6","E355A",0.055,1.32,0.000739116852729229,0.0542608831472708,0.8,0.108102474992904,0.0308982730444104,0.0241017269555896
"187","M3",1000,"d3d6","E355A",0.055,1.32,0.012731599110772,0.042268400889228,0.8,0.108102474992904,0.0308982730444104,0.0241017269555896
"188","M3",1000,"d0d6","E355A",0.055,1.32,0.0238346694613078,0.0311653305386922,0.8,0.108102474992904,0.0308982730444104,0.0241017269555896
"189","M4",5000,"d3d6","E459K",0.055,1.32,0.0119926264309184,0.0430073735690816,0.8,0.0817565121450225,0.0347779140709871,0.0202220859290129
"190","M6",5000,"d3d6","E459K",0.055,1.32,-0.00721304443411948,0.0622130444341195,0.8,0.0817565121450225,0.0347779140709871,0.0202220859290129
"191","M6",5000,"d0d3","E459K",0.055,1.32,0.0430977566389742,0.0119022433610258,0.8,0.0817565121450225,0.0347779140709871,0.0202220859290129
"192","M5",1000,"d3d6","E459K",0.055,1.32,0.0154217487866259,0.0395782512133741,0.8,0.0817565121450225,0.0347779140709871,0.0202220859290129
"193","M7",1000,"d3d6","E459K",0.055,1.32,0.0244149447014492,0.0305850552985508,0.8,0.0817565121450225,0.0347779140709871,0.0202220859290129
"194","M3",1000,"d0d3","E459K",0.055,1.32,0.0232793848963411,0.031720615103659,0.8,0.0817565121450225,0.0347779140709871,0.0202220859290129
"195","M3",1000,"d0d6","E459K",0.055,1.32,0.0156006810343837,0.0393993189656163,0.8,0.0817565121450225,0.0347779140709871,0.0202220859290129
"196","M3",1000,"d3d6","E459K",0.055,1.32,0.00792197717242642,0.0470780228275736,0.8,0.0817565121450225,0.0347779140709871,0.0202220859290129
"197","M6",5000,"d0d6","E459K",0.055,1.32,0.0179423561024273,0.0370576438975727,0.8,0.0817565121450225,0.0347779140709871,0.0202220859290129
"198","M3",1000,"d3d6","Y320C",0.055,1.32,0.0441715968666497,0.0108284031333503,NA,NA,NA,NA
"199","M3",1000,"d0d3","Y320C",0.055,1.32,NA,NA,NA,NA,NA,NA
"200","M6",5000,"d0d3","Y320C",0.055,1.32,NA,NA,NA,NA,NA,NA
"201","M3",1000,"d0d6","Y320C",0.055,1.32,NA,NA,NA,NA,NA,NA
"202","M4",5000,"d3d6","Y320C",0.055,1.32,NA,NA,NA,NA,NA,NA
"203","M5",1000,"d3d6","Y320C",0.055,1.32,NA,NA,NA,NA,NA,NA
"204","M6",5000,"d3d6","Y320C",0.055,1.32,0.0294304233077991,0.0255695766922009,NA,NA,NA,NA
"205","M6",5000,"d0d6","Y320C",0.055,1.32,NA,NA,NA,NA,NA,NA
"206","M7",1000,"d3d6","Y320C",0.055,1.32,NA,NA,NA,NA,NA,NA
"207","Enu_4",1000,"d0d3","D276G",0.055,1.32,NA,NA,0.8,0.121652384406831,0.0292581612416018,0.0257418387583982
"208","Enu_4",1000,"d3d6","D276G",0.055,1.32,NA,NA,0.8,0.121652384406831,0.0292581612416018,0.0257418387583982
"209","M3",1000,"d0d3","D276G",0.055,1.32,0.0177152567264708,0.0372847432735292,0.8,0.121652384406831,0.0292581612416018,0.0257418387583982
"210","Enu_4",1000,"d0d6","D276G",0.055,1.32,NA,NA,0.8,0.121652384406831,0.0292581612416018,0.0257418387583982
"211","M3",1000,"d0d6","D276G",0.055,1.32,NA,NA,0.8,0.121652384406831,0.0292581612416018,0.0257418387583982
"212","M3",1000,"d3d6","D276G",0.055,1.32,NA,NA,0.8,0.121652384406831,0.0292581612416018,0.0257418387583982
"213","Enu_3",1000,"d3d6","F311L",0.055,1.32,NA,NA,NA,NA,NA,NA
"214","Enu_4",1000,"d0d3","F311L",0.055,1.32,0.020271028707246,0.034728971292754,NA,NA,NA,NA
"215","Enu_4",1000,"d0d6","F311L",0.055,1.32,0.0245015659378211,0.0304984340621789,NA,NA,NA,NA
"216","Enu_4",1000,"d3d6","F311L",0.055,1.32,0.0287321031683962,0.0262678968316038,NA,NA,NA,NA
"217","Enu_3",1000,"d3d6","F359C",0.055,1.32,NA,NA,0.8,0.468769234621851,0.0105228426205477,0.0444771573794523
"218","Enu_4",1000,"d0d6","F359C",0.055,1.32,NA,NA,0.8,0.468769234621851,0.0105228426205477,0.0444771573794523
"219","Enu_4",1000,"d3d6","F359C",0.055,1.32,NA,NA,0.8,0.468769234621851,0.0105228426205477,0.0444771573794523
"220","Enu_4",1000,"d0d3","F359C",0.055,1.32,0.00307914873430467,0.0519208512656953,0.8,0.468769234621851,0.0105228426205477,0.0444771573794523
"221","Enu_4",1000,"d0d3","A397P",0.055,1.32,0.0106373480309168,0.0443626519690832,NA,NA,NA,NA
"222","Enu_4",1000,"d3d6","A397P",0.055,1.32,NA,NA,NA,NA,NA,NA
"223","Enu_4",1000,"d0d6","A397P",0.055,1.32,NA,NA,NA,NA,NA,NA
"224","Enu_3",1000,"d3d6","A397P",0.055,1.32,NA,NA,NA,NA,NA,NA
